-- phpMyAdmin SQL Dump
-- version 5.2.1
-- https://www.phpmyadmin.net/
--
-- Host: 127.0.0.1
-- Generation Time: Apr 20, 2026 at 02:33 PM
-- Server version: 10.4.32-MariaDB
-- PHP Version: 8.2.12

SET SQL_MODE = "NO_AUTO_VALUE_ON_ZERO";
START TRANSACTION;
SET time_zone = "+00:00";


/*!40101 SET @OLD_CHARACTER_SET_CLIENT=@@CHARACTER_SET_CLIENT */;
/*!40101 SET @OLD_CHARACTER_SET_RESULTS=@@CHARACTER_SET_RESULTS */;
/*!40101 SET @OLD_COLLATION_CONNECTION=@@COLLATION_CONNECTION */;
/*!40101 SET NAMES utf8mb4 */;

--
-- Database: `hospital_db`
--

-- --------------------------------------------------------

--
-- Table structure for table `appointments`
--

CREATE TABLE `appointments` (
  `id` int(11) NOT NULL,
  `patient_id` int(11) DEFAULT NULL,
  `doctor_id` int(11) DEFAULT NULL,
  `slot_id` int(11) DEFAULT NULL,
  `health_issue` text DEFAULT NULL,
  `room_number` varchar(20) DEFAULT NULL,
  `status` enum('pending','completed','cancelled','absent') DEFAULT 'pending',
  `prescription_file` varchar(255) DEFAULT NULL
) ENGINE=InnoDB DEFAULT CHARSET=utf8mb4 COLLATE=utf8mb4_general_ci;

--
-- Dumping data for table `appointments`
--

INSERT INTO `appointments` (`id`, `patient_id`, `doctor_id`, `slot_id`, `health_issue`, `room_number`, `status`, `prescription_file`) VALUES
(1, 2, 32, 4663, 'Light chest pain after dinner', '10', 'completed', '69e617d98d1af.jpg'),
(2, 2, 1, 4666, 'test', '1', 'completed', '69e6197e366c1.jpg'),
(3, 3, 13, 4831, 'Risk assessment', NULL, 'pending', NULL);

-- --------------------------------------------------------

--
-- Table structure for table `departments`
--

CREATE TABLE `departments` (
  `id` int(11) NOT NULL,
  `name` varchar(100) DEFAULT NULL
) ENGINE=InnoDB DEFAULT CHARSET=utf8mb4 COLLATE=utf8mb4_general_ci;

--
-- Dumping data for table `departments`
--

INSERT INTO `departments` (`id`, `name`) VALUES
(1, 'Cardiology'),
(2, 'Neurology'),
(3, 'Orthopedics'),
(4, 'Pediatrics'),
(5, 'Oncology'),
(6, 'Dermatology'),
(7, 'Psychiatry'),
(8, 'General Surgery'),
(9, 'Gynecology'),
(10, 'ENT');

-- --------------------------------------------------------

--
-- Table structure for table `doctors`
--

CREATE TABLE `doctors` (
  `id` int(11) NOT NULL,
  `name` varchar(100) DEFAULT NULL,
  `department_id` int(11) DEFAULT NULL
) ENGINE=InnoDB DEFAULT CHARSET=utf8mb4 COLLATE=utf8mb4_general_ci;

--
-- Dumping data for table `doctors`
--

INSERT INTO `doctors` (`id`, `name`, `department_id`) VALUES
(1, 'Dr. Smith', 1),
(2, 'Dr. Jones', 1),
(3, 'Dr. Taylor', 1),
(4, 'Dr. Brown', 2),
(5, 'Dr. Williams', 2),
(6, 'Dr. Davies', 2),
(7, 'Dr. Evans', 3),
(8, 'Dr. Wilson', 3),
(9, 'Dr. Thomas', 3),
(10, 'Dr. Roberts', 4),
(11, 'Dr. Johnson', 4),
(12, 'Dr. Lewis', 4),
(13, 'Dr. Walker', 5),
(14, 'Dr. Robinson', 5),
(15, 'Dr. Wood', 5),
(16, 'Dr. White', 6),
(17, 'Dr. Watson', 6),
(18, 'Dr. Jackson', 6),
(19, 'Dr. Wright', 7),
(20, 'Dr. Harris', 7),
(21, 'Dr. Cooper', 7),
(22, 'Dr. King', 8),
(23, 'Dr. Lee', 8),
(24, 'Dr. Perez', 8),
(25, 'Dr. Scott', 9),
(26, 'Dr. Turner', 9),
(27, 'Dr. Hill', 9),
(28, 'Dr. Green', 10),
(29, 'Dr. Adams', 10),
(30, 'Dr. Baker', 10),
(31, 'Dr. Doe', 4),
(32, 'Dr. Chatterjee', 1),
(33, 'Dr. Tesla', 10);

-- --------------------------------------------------------

--
-- Table structure for table `slots`
--

CREATE TABLE `slots` (
  `id` int(11) NOT NULL,
  `doctor_id` int(11) DEFAULT NULL,
  `slot_date` date DEFAULT NULL,
  `start_time` time DEFAULT NULL,
  `is_booked` tinyint(1) DEFAULT 0
) ENGINE=InnoDB DEFAULT CHARSET=utf8mb4 COLLATE=utf8mb4_general_ci;

--
-- Dumping data for table `slots`
--

INSERT INTO `slots` (`id`, `doctor_id`, `slot_date`, `start_time`, `is_booked`) VALUES
(4591, 2, '2026-04-20', '09:00:00', 0),
(4592, 3, '2026-04-20', '09:30:00', 0),
(4593, 3, '2026-04-20', '10:00:00', 0),
(4594, 2, '2026-04-20', '10:30:00', 0),
(4595, 3, '2026-04-20', '11:00:00', 0),
(4596, 2, '2026-04-20', '11:30:00', 0),
(4597, 32, '2026-04-20', '12:00:00', 0),
(4598, 4, '2026-04-20', '09:00:00', 0),
(4599, 4, '2026-04-20', '09:30:00', 0),
(4600, 6, '2026-04-20', '10:00:00', 0),
(4601, 6, '2026-04-20', '10:30:00', 0),
(4602, 6, '2026-04-20', '11:00:00', 0),
(4603, 4, '2026-04-20', '11:30:00', 0),
(4604, 5, '2026-04-20', '12:00:00', 0),
(4605, 7, '2026-04-20', '09:00:00', 0),
(4606, 7, '2026-04-20', '09:30:00', 0),
(4607, 8, '2026-04-20', '10:00:00', 0),
(4608, 7, '2026-04-20', '10:30:00', 0),
(4609, 7, '2026-04-20', '11:00:00', 0),
(4610, 8, '2026-04-20', '11:30:00', 0),
(4611, 9, '2026-04-20', '12:00:00', 0),
(4612, 31, '2026-04-20', '09:00:00', 0),
(4613, 31, '2026-04-20', '09:30:00', 0),
(4614, 31, '2026-04-20', '10:00:00', 0),
(4615, 11, '2026-04-20', '10:30:00', 0),
(4616, 10, '2026-04-20', '11:00:00', 0),
(4617, 11, '2026-04-20', '11:30:00', 0),
(4618, 12, '2026-04-20', '12:00:00', 0),
(4619, 13, '2026-04-20', '09:00:00', 0),
(4620, 13, '2026-04-20', '09:30:00', 0),
(4621, 14, '2026-04-20', '10:00:00', 0),
(4622, 13, '2026-04-20', '10:30:00', 0),
(4623, 14, '2026-04-20', '11:00:00', 0),
(4624, 13, '2026-04-20', '11:30:00', 0),
(4625, 13, '2026-04-20', '12:00:00', 0),
(4626, 17, '2026-04-20', '09:00:00', 0),
(4627, 17, '2026-04-20', '09:30:00', 0),
(4628, 18, '2026-04-20', '10:00:00', 0),
(4629, 17, '2026-04-20', '10:30:00', 0),
(4630, 17, '2026-04-20', '11:00:00', 0),
(4631, 18, '2026-04-20', '11:30:00', 0),
(4632, 18, '2026-04-20', '12:00:00', 0),
(4633, 21, '2026-04-20', '09:00:00', 0),
(4634, 21, '2026-04-20', '09:30:00', 0),
(4635, 20, '2026-04-20', '10:00:00', 0),
(4636, 20, '2026-04-20', '10:30:00', 0),
(4637, 20, '2026-04-20', '11:00:00', 0),
(4638, 21, '2026-04-20', '11:30:00', 0),
(4639, 21, '2026-04-20', '12:00:00', 0),
(4640, 23, '2026-04-20', '09:00:00', 0),
(4641, 23, '2026-04-20', '09:30:00', 0),
(4642, 24, '2026-04-20', '10:00:00', 0),
(4643, 23, '2026-04-20', '10:30:00', 0),
(4644, 22, '2026-04-20', '11:00:00', 0),
(4645, 22, '2026-04-20', '11:30:00', 0),
(4646, 22, '2026-04-20', '12:00:00', 0),
(4647, 25, '2026-04-20', '09:00:00', 0),
(4648, 25, '2026-04-20', '09:30:00', 0),
(4649, 27, '2026-04-20', '10:00:00', 0),
(4650, 27, '2026-04-20', '10:30:00', 0),
(4651, 25, '2026-04-20', '11:00:00', 0),
(4652, 26, '2026-04-20', '11:30:00', 0),
(4653, 25, '2026-04-20', '12:00:00', 0),
(4654, 29, '2026-04-20', '09:00:00', 0),
(4655, 28, '2026-04-20', '09:30:00', 0),
(4656, 30, '2026-04-20', '10:00:00', 0),
(4657, 30, '2026-04-20', '10:30:00', 0),
(4658, 29, '2026-04-20', '11:00:00', 0),
(4659, 29, '2026-04-20', '11:30:00', 0),
(4660, 29, '2026-04-20', '12:00:00', 0),
(4661, 2, '2026-04-21', '09:00:00', 0),
(4662, 1, '2026-04-21', '09:30:00', 0),
(4663, 32, '2026-04-21', '10:00:00', 1),
(4664, 3, '2026-04-21', '10:30:00', 0),
(4665, 2, '2026-04-21', '11:00:00', 0),
(4666, 1, '2026-04-21', '11:30:00', 1),
(4667, 2, '2026-04-21', '12:00:00', 0),
(4668, 5, '2026-04-21', '09:00:00', 0),
(4669, 6, '2026-04-21', '09:30:00', 0),
(4670, 4, '2026-04-21', '10:00:00', 0),
(4671, 5, '2026-04-21', '10:30:00', 0),
(4672, 4, '2026-04-21', '11:00:00', 0),
(4673, 5, '2026-04-21', '11:30:00', 0),
(4674, 4, '2026-04-21', '12:00:00', 0),
(4675, 9, '2026-04-21', '09:00:00', 0),
(4676, 8, '2026-04-21', '09:30:00', 0),
(4677, 9, '2026-04-21', '10:00:00', 0),
(4678, 8, '2026-04-21', '10:30:00', 0),
(4679, 9, '2026-04-21', '11:00:00', 0),
(4680, 7, '2026-04-21', '11:30:00', 0),
(4681, 7, '2026-04-21', '12:00:00', 0),
(4682, 31, '2026-04-21', '09:00:00', 0),
(4683, 12, '2026-04-21', '09:30:00', 0),
(4684, 31, '2026-04-21', '10:00:00', 0),
(4685, 10, '2026-04-21', '10:30:00', 0),
(4686, 12, '2026-04-21', '11:00:00', 0),
(4687, 11, '2026-04-21', '11:30:00', 0),
(4688, 31, '2026-04-21', '12:00:00', 0),
(4689, 13, '2026-04-21', '09:00:00', 0),
(4690, 13, '2026-04-21', '09:30:00', 0),
(4691, 14, '2026-04-21', '10:00:00', 0),
(4692, 15, '2026-04-21', '10:30:00', 0),
(4693, 15, '2026-04-21', '11:00:00', 0),
(4694, 14, '2026-04-21', '11:30:00', 0),
(4695, 14, '2026-04-21', '12:00:00', 0),
(4696, 18, '2026-04-21', '09:00:00', 0),
(4697, 16, '2026-04-21', '09:30:00', 0),
(4698, 16, '2026-04-21', '10:00:00', 0),
(4699, 18, '2026-04-21', '10:30:00', 0),
(4700, 17, '2026-04-21', '11:00:00', 0),
(4701, 18, '2026-04-21', '11:30:00', 0),
(4702, 17, '2026-04-21', '12:00:00', 0),
(4703, 21, '2026-04-21', '09:00:00', 0),
(4704, 20, '2026-04-21', '09:30:00', 0),
(4705, 20, '2026-04-21', '10:00:00', 0),
(4706, 21, '2026-04-21', '10:30:00', 0),
(4707, 20, '2026-04-21', '11:00:00', 0),
(4708, 20, '2026-04-21', '11:30:00', 0),
(4709, 21, '2026-04-21', '12:00:00', 0),
(4710, 22, '2026-04-21', '09:00:00', 0),
(4711, 22, '2026-04-21', '09:30:00', 0),
(4712, 23, '2026-04-21', '10:00:00', 0),
(4713, 23, '2026-04-21', '10:30:00', 0),
(4714, 23, '2026-04-21', '11:00:00', 0),
(4715, 23, '2026-04-21', '11:30:00', 0),
(4716, 23, '2026-04-21', '12:00:00', 0),
(4717, 25, '2026-04-21', '09:00:00', 0),
(4718, 27, '2026-04-21', '09:30:00', 0),
(4719, 25, '2026-04-21', '10:00:00', 0),
(4720, 26, '2026-04-21', '10:30:00', 0),
(4721, 25, '2026-04-21', '11:00:00', 0),
(4722, 25, '2026-04-21', '11:30:00', 0),
(4723, 26, '2026-04-21', '12:00:00', 0),
(4724, 29, '2026-04-21', '09:00:00', 0),
(4725, 30, '2026-04-21', '09:30:00', 0),
(4726, 30, '2026-04-21', '10:00:00', 0),
(4727, 30, '2026-04-21', '10:30:00', 0),
(4728, 28, '2026-04-21', '11:00:00', 0),
(4729, 28, '2026-04-21', '11:30:00', 0),
(4730, 29, '2026-04-21', '12:00:00', 0),
(4731, 3, '2026-04-22', '09:00:00', 0),
(4732, 3, '2026-04-22', '09:30:00', 0),
(4733, 32, '2026-04-22', '10:00:00', 0),
(4734, 1, '2026-04-22', '10:30:00', 0),
(4735, 32, '2026-04-22', '11:00:00', 0),
(4736, 2, '2026-04-22', '11:30:00', 0),
(4737, 1, '2026-04-22', '12:00:00', 0),
(4738, 4, '2026-04-22', '09:00:00', 0),
(4739, 4, '2026-04-22', '09:30:00', 0),
(4740, 5, '2026-04-22', '10:00:00', 0),
(4741, 5, '2026-04-22', '10:30:00', 0),
(4742, 4, '2026-04-22', '11:00:00', 0),
(4743, 4, '2026-04-22', '11:30:00', 0),
(4744, 4, '2026-04-22', '12:00:00', 0),
(4745, 8, '2026-04-22', '09:00:00', 0),
(4746, 8, '2026-04-22', '09:30:00', 0),
(4747, 7, '2026-04-22', '10:00:00', 0),
(4748, 9, '2026-04-22', '10:30:00', 0),
(4749, 7, '2026-04-22', '11:00:00', 0),
(4750, 9, '2026-04-22', '11:30:00', 0),
(4751, 7, '2026-04-22', '12:00:00', 0),
(4752, 10, '2026-04-22', '09:00:00', 0),
(4753, 11, '2026-04-22', '09:30:00', 0),
(4754, 11, '2026-04-22', '10:00:00', 0),
(4755, 11, '2026-04-22', '10:30:00', 0),
(4756, 12, '2026-04-22', '11:00:00', 0),
(4757, 10, '2026-04-22', '11:30:00', 0),
(4758, 12, '2026-04-22', '12:00:00', 0),
(4759, 14, '2026-04-22', '09:00:00', 0),
(4760, 13, '2026-04-22', '09:30:00', 0),
(4761, 13, '2026-04-22', '10:00:00', 0),
(4762, 13, '2026-04-22', '10:30:00', 0),
(4763, 13, '2026-04-22', '11:00:00', 0),
(4764, 13, '2026-04-22', '11:30:00', 0),
(4765, 15, '2026-04-22', '12:00:00', 0),
(4766, 18, '2026-04-22', '09:00:00', 0),
(4767, 18, '2026-04-22', '09:30:00', 0),
(4768, 18, '2026-04-22', '10:00:00', 0),
(4769, 17, '2026-04-22', '10:30:00', 0),
(4770, 16, '2026-04-22', '11:00:00', 0),
(4771, 16, '2026-04-22', '11:30:00', 0),
(4772, 18, '2026-04-22', '12:00:00', 0),
(4773, 20, '2026-04-22', '09:00:00', 0),
(4774, 21, '2026-04-22', '09:30:00', 0),
(4775, 21, '2026-04-22', '10:00:00', 0),
(4776, 21, '2026-04-22', '10:30:00', 0),
(4777, 19, '2026-04-22', '11:00:00', 0),
(4778, 20, '2026-04-22', '11:30:00', 0),
(4779, 20, '2026-04-22', '12:00:00', 0),
(4780, 24, '2026-04-22', '09:00:00', 0),
(4781, 24, '2026-04-22', '09:30:00', 0),
(4782, 23, '2026-04-22', '10:00:00', 0),
(4783, 24, '2026-04-22', '10:30:00', 0),
(4784, 23, '2026-04-22', '11:00:00', 0),
(4785, 22, '2026-04-22', '11:30:00', 0),
(4786, 24, '2026-04-22', '12:00:00', 0),
(4787, 25, '2026-04-22', '09:00:00', 0),
(4788, 25, '2026-04-22', '09:30:00', 0),
(4789, 27, '2026-04-22', '10:00:00', 0),
(4790, 27, '2026-04-22', '10:30:00', 0),
(4791, 26, '2026-04-22', '11:00:00', 0),
(4792, 25, '2026-04-22', '11:30:00', 0),
(4793, 27, '2026-04-22', '12:00:00', 0),
(4794, 29, '2026-04-22', '09:00:00', 0),
(4795, 29, '2026-04-22', '09:30:00', 0),
(4796, 30, '2026-04-22', '10:00:00', 0),
(4797, 28, '2026-04-22', '10:30:00', 0),
(4798, 28, '2026-04-22', '11:00:00', 0),
(4799, 29, '2026-04-22', '11:30:00', 0),
(4800, 29, '2026-04-22', '12:00:00', 0),
(4801, 3, '2026-04-23', '09:00:00', 0),
(4802, 1, '2026-04-23', '09:30:00', 0),
(4803, 1, '2026-04-23', '10:00:00', 0),
(4804, 1, '2026-04-23', '10:30:00', 0),
(4805, 3, '2026-04-23', '11:00:00', 0),
(4806, 2, '2026-04-23', '11:30:00', 0),
(4807, 32, '2026-04-23', '12:00:00', 0),
(4808, 6, '2026-04-23', '09:00:00', 0),
(4809, 5, '2026-04-23', '09:30:00', 0),
(4810, 5, '2026-04-23', '10:00:00', 0),
(4811, 6, '2026-04-23', '10:30:00', 0),
(4812, 5, '2026-04-23', '11:00:00', 0),
(4813, 5, '2026-04-23', '11:30:00', 0),
(4814, 5, '2026-04-23', '12:00:00', 0),
(4815, 8, '2026-04-23', '09:00:00', 0),
(4816, 8, '2026-04-23', '09:30:00', 0),
(4817, 9, '2026-04-23', '10:00:00', 0),
(4818, 8, '2026-04-23', '10:30:00', 0),
(4819, 8, '2026-04-23', '11:00:00', 0),
(4820, 9, '2026-04-23', '11:30:00', 0),
(4821, 9, '2026-04-23', '12:00:00', 0),
(4822, 10, '2026-04-23', '09:00:00', 0),
(4823, 31, '2026-04-23', '09:30:00', 0),
(4824, 12, '2026-04-23', '10:00:00', 0),
(4825, 12, '2026-04-23', '10:30:00', 0),
(4826, 31, '2026-04-23', '11:00:00', 0),
(4827, 11, '2026-04-23', '11:30:00', 0),
(4828, 10, '2026-04-23', '12:00:00', 0),
(4829, 15, '2026-04-23', '09:00:00', 0),
(4830, 15, '2026-04-23', '09:30:00', 0),
(4831, 13, '2026-04-23', '10:00:00', 1),
(4832, 14, '2026-04-23', '10:30:00', 0),
(4833, 15, '2026-04-23', '11:00:00', 0),
(4834, 13, '2026-04-23', '11:30:00', 0),
(4835, 15, '2026-04-23', '12:00:00', 0),
(4836, 16, '2026-04-23', '09:00:00', 0),
(4837, 18, '2026-04-23', '09:30:00', 0),
(4838, 17, '2026-04-23', '10:00:00', 0),
(4839, 18, '2026-04-23', '10:30:00', 0),
(4840, 17, '2026-04-23', '11:00:00', 0),
(4841, 16, '2026-04-23', '11:30:00', 0),
(4842, 17, '2026-04-23', '12:00:00', 0),
(4843, 19, '2026-04-23', '09:00:00', 0),
(4844, 19, '2026-04-23', '09:30:00', 0),
(4845, 21, '2026-04-23', '10:00:00', 0),
(4846, 21, '2026-04-23', '10:30:00', 0),
(4847, 19, '2026-04-23', '11:00:00', 0),
(4848, 21, '2026-04-23', '11:30:00', 0),
(4849, 20, '2026-04-23', '12:00:00', 0),
(4850, 22, '2026-04-23', '09:00:00', 0),
(4851, 23, '2026-04-23', '09:30:00', 0),
(4852, 24, '2026-04-23', '10:00:00', 0),
(4853, 24, '2026-04-23', '10:30:00', 0),
(4854, 24, '2026-04-23', '11:00:00', 0),
(4855, 22, '2026-04-23', '11:30:00', 0),
(4856, 22, '2026-04-23', '12:00:00', 0),
(4857, 27, '2026-04-23', '09:00:00', 0),
(4858, 25, '2026-04-23', '09:30:00', 0),
(4859, 27, '2026-04-23', '10:00:00', 0),
(4860, 26, '2026-04-23', '10:30:00', 0),
(4861, 26, '2026-04-23', '11:00:00', 0),
(4862, 25, '2026-04-23', '11:30:00', 0),
(4863, 25, '2026-04-23', '12:00:00', 0),
(4864, 28, '2026-04-23', '09:00:00', 0),
(4865, 30, '2026-04-23', '09:30:00', 0),
(4866, 29, '2026-04-23', '10:00:00', 0),
(4867, 28, '2026-04-23', '10:30:00', 0),
(4868, 30, '2026-04-23', '11:00:00', 0),
(4869, 28, '2026-04-23', '11:30:00', 0),
(4870, 28, '2026-04-23', '12:00:00', 0),
(4871, 1, '2026-04-24', '09:00:00', 0),
(4872, 1, '2026-04-24', '09:30:00', 0),
(4873, 32, '2026-04-24', '10:00:00', 0),
(4874, 32, '2026-04-24', '10:30:00', 0),
(4875, 32, '2026-04-24', '11:00:00', 0),
(4876, 1, '2026-04-24', '11:30:00', 0),
(4877, 3, '2026-04-24', '12:00:00', 0),
(4878, 4, '2026-04-24', '09:00:00', 0),
(4879, 4, '2026-04-24', '09:30:00', 0),
(4880, 4, '2026-04-24', '10:00:00', 0),
(4881, 6, '2026-04-24', '10:30:00', 0),
(4882, 6, '2026-04-24', '11:00:00', 0),
(4883, 5, '2026-04-24', '11:30:00', 0),
(4884, 6, '2026-04-24', '12:00:00', 0),
(4885, 9, '2026-04-24', '09:00:00', 0),
(4886, 9, '2026-04-24', '09:30:00', 0),
(4887, 7, '2026-04-24', '10:00:00', 0),
(4888, 7, '2026-04-24', '10:30:00', 0),
(4889, 7, '2026-04-24', '11:00:00', 0),
(4890, 9, '2026-04-24', '11:30:00', 0),
(4891, 7, '2026-04-24', '12:00:00', 0),
(4892, 11, '2026-04-24', '09:00:00', 0),
(4893, 12, '2026-04-24', '09:30:00', 0),
(4894, 10, '2026-04-24', '10:00:00', 0),
(4895, 12, '2026-04-24', '10:30:00', 0),
(4896, 10, '2026-04-24', '11:00:00', 0),
(4897, 12, '2026-04-24', '11:30:00', 0),
(4898, 31, '2026-04-24', '12:00:00', 0),
(4899, 13, '2026-04-24', '09:00:00', 0),
(4900, 13, '2026-04-24', '09:30:00', 0),
(4901, 15, '2026-04-24', '10:00:00', 0),
(4902, 13, '2026-04-24', '10:30:00', 0),
(4903, 13, '2026-04-24', '11:00:00', 0),
(4904, 13, '2026-04-24', '11:30:00', 0),
(4905, 15, '2026-04-24', '12:00:00', 0),
(4906, 18, '2026-04-24', '09:00:00', 0),
(4907, 17, '2026-04-24', '09:30:00', 0),
(4908, 17, '2026-04-24', '10:00:00', 0),
(4909, 16, '2026-04-24', '10:30:00', 0),
(4910, 18, '2026-04-24', '11:00:00', 0),
(4911, 17, '2026-04-24', '11:30:00', 0),
(4912, 18, '2026-04-24', '12:00:00', 0),
(4913, 19, '2026-04-24', '09:00:00', 0),
(4914, 21, '2026-04-24', '09:30:00', 0),
(4915, 19, '2026-04-24', '10:00:00', 0),
(4916, 20, '2026-04-24', '10:30:00', 0),
(4917, 19, '2026-04-24', '11:00:00', 0),
(4918, 21, '2026-04-24', '11:30:00', 0),
(4919, 19, '2026-04-24', '12:00:00', 0),
(4920, 23, '2026-04-24', '09:00:00', 0),
(4921, 24, '2026-04-24', '09:30:00', 0),
(4922, 24, '2026-04-24', '10:00:00', 0),
(4923, 23, '2026-04-24', '10:30:00', 0),
(4924, 24, '2026-04-24', '11:00:00', 0),
(4925, 22, '2026-04-24', '11:30:00', 0),
(4926, 23, '2026-04-24', '12:00:00', 0),
(4927, 25, '2026-04-24', '09:00:00', 0),
(4928, 25, '2026-04-24', '09:30:00', 0),
(4929, 27, '2026-04-24', '10:00:00', 0),
(4930, 26, '2026-04-24', '10:30:00', 0),
(4931, 27, '2026-04-24', '11:00:00', 0),
(4932, 26, '2026-04-24', '11:30:00', 0),
(4933, 25, '2026-04-24', '12:00:00', 0),
(4934, 28, '2026-04-24', '09:00:00', 0),
(4935, 28, '2026-04-24', '09:30:00', 0),
(4936, 28, '2026-04-24', '10:00:00', 0),
(4937, 29, '2026-04-24', '10:30:00', 0),
(4938, 29, '2026-04-24', '11:00:00', 0),
(4939, 28, '2026-04-24', '11:30:00', 0),
(4940, 30, '2026-04-24', '12:00:00', 0),
(4941, 2, '2026-04-25', '09:00:00', 0),
(4942, 1, '2026-04-25', '09:30:00', 0),
(4943, 2, '2026-04-25', '10:00:00', 0),
(4944, 32, '2026-04-25', '10:30:00', 0),
(4945, 2, '2026-04-25', '11:00:00', 0),
(4946, 32, '2026-04-25', '11:30:00', 0),
(4947, 32, '2026-04-25', '12:00:00', 0),
(4948, 4, '2026-04-25', '09:00:00', 0),
(4949, 4, '2026-04-25', '09:30:00', 0),
(4950, 5, '2026-04-25', '10:00:00', 0),
(4951, 5, '2026-04-25', '10:30:00', 0),
(4952, 4, '2026-04-25', '11:00:00', 0),
(4953, 6, '2026-04-25', '11:30:00', 0),
(4954, 6, '2026-04-25', '12:00:00', 0),
(4955, 8, '2026-04-25', '09:00:00', 0),
(4956, 9, '2026-04-25', '09:30:00', 0),
(4957, 8, '2026-04-25', '10:00:00', 0),
(4958, 8, '2026-04-25', '10:30:00', 0),
(4959, 9, '2026-04-25', '11:00:00', 0),
(4960, 9, '2026-04-25', '11:30:00', 0),
(4961, 7, '2026-04-25', '12:00:00', 0),
(4962, 31, '2026-04-25', '09:00:00', 0),
(4963, 11, '2026-04-25', '09:30:00', 0),
(4964, 11, '2026-04-25', '10:00:00', 0),
(4965, 10, '2026-04-25', '10:30:00', 0),
(4966, 10, '2026-04-25', '11:00:00', 0),
(4967, 12, '2026-04-25', '11:30:00', 0),
(4968, 31, '2026-04-25', '12:00:00', 0),
(4969, 14, '2026-04-25', '09:00:00', 0),
(4970, 15, '2026-04-25', '09:30:00', 0),
(4971, 14, '2026-04-25', '10:00:00', 0),
(4972, 14, '2026-04-25', '10:30:00', 0),
(4973, 15, '2026-04-25', '11:00:00', 0),
(4974, 14, '2026-04-25', '11:30:00', 0),
(4975, 15, '2026-04-25', '12:00:00', 0),
(4976, 16, '2026-04-25', '09:00:00', 0),
(4977, 16, '2026-04-25', '09:30:00', 0),
(4978, 16, '2026-04-25', '10:00:00', 0),
(4979, 16, '2026-04-25', '10:30:00', 0),
(4980, 16, '2026-04-25', '11:00:00', 0),
(4981, 16, '2026-04-25', '11:30:00', 0),
(4982, 16, '2026-04-25', '12:00:00', 0),
(4983, 21, '2026-04-25', '09:00:00', 0),
(4984, 19, '2026-04-25', '09:30:00', 0),
(4985, 21, '2026-04-25', '10:00:00', 0),
(4986, 20, '2026-04-25', '10:30:00', 0),
(4987, 21, '2026-04-25', '11:00:00', 0),
(4988, 20, '2026-04-25', '11:30:00', 0),
(4989, 19, '2026-04-25', '12:00:00', 0),
(4990, 23, '2026-04-25', '09:00:00', 0),
(4991, 23, '2026-04-25', '09:30:00', 0),
(4992, 24, '2026-04-25', '10:00:00', 0),
(4993, 23, '2026-04-25', '10:30:00', 0),
(4994, 24, '2026-04-25', '11:00:00', 0),
(4995, 22, '2026-04-25', '11:30:00', 0),
(4996, 24, '2026-04-25', '12:00:00', 0),
(4997, 25, '2026-04-25', '09:00:00', 0),
(4998, 26, '2026-04-25', '09:30:00', 0),
(4999, 26, '2026-04-25', '10:00:00', 0),
(5000, 26, '2026-04-25', '10:30:00', 0),
(5001, 26, '2026-04-25', '11:00:00', 0),
(5002, 25, '2026-04-25', '11:30:00', 0),
(5003, 26, '2026-04-25', '12:00:00', 0),
(5004, 29, '2026-04-25', '09:00:00', 0),
(5005, 30, '2026-04-25', '09:30:00', 0),
(5006, 29, '2026-04-25', '10:00:00', 0),
(5007, 29, '2026-04-25', '10:30:00', 0),
(5008, 29, '2026-04-25', '11:00:00', 0),
(5009, 30, '2026-04-25', '11:30:00', 0),
(5010, 29, '2026-04-25', '12:00:00', 0),
(5011, 32, '2026-04-26', '09:00:00', 0),
(5012, 32, '2026-04-26', '09:30:00', 0),
(5013, 2, '2026-04-26', '10:00:00', 0),
(5014, 3, '2026-04-26', '10:30:00', 0),
(5015, 32, '2026-04-26', '11:00:00', 0),
(5016, 32, '2026-04-26', '11:30:00', 0),
(5017, 32, '2026-04-26', '12:00:00', 0),
(5018, 6, '2026-04-26', '09:00:00', 0),
(5019, 6, '2026-04-26', '09:30:00', 0),
(5020, 6, '2026-04-26', '10:00:00', 0),
(5021, 5, '2026-04-26', '10:30:00', 0),
(5022, 5, '2026-04-26', '11:00:00', 0),
(5023, 4, '2026-04-26', '11:30:00', 0),
(5024, 4, '2026-04-26', '12:00:00', 0),
(5025, 7, '2026-04-26', '09:00:00', 0),
(5026, 9, '2026-04-26', '09:30:00', 0),
(5027, 9, '2026-04-26', '10:00:00', 0),
(5028, 9, '2026-04-26', '10:30:00', 0),
(5029, 7, '2026-04-26', '11:00:00', 0),
(5030, 7, '2026-04-26', '11:30:00', 0),
(5031, 9, '2026-04-26', '12:00:00', 0),
(5032, 12, '2026-04-26', '09:00:00', 0),
(5033, 10, '2026-04-26', '09:30:00', 0),
(5034, 11, '2026-04-26', '10:00:00', 0),
(5035, 31, '2026-04-26', '10:30:00', 0),
(5036, 31, '2026-04-26', '11:00:00', 0),
(5037, 31, '2026-04-26', '11:30:00', 0),
(5038, 12, '2026-04-26', '12:00:00', 0),
(5039, 15, '2026-04-26', '09:00:00', 0),
(5040, 14, '2026-04-26', '09:30:00', 0),
(5041, 14, '2026-04-26', '10:00:00', 0),
(5042, 13, '2026-04-26', '10:30:00', 0),
(5043, 15, '2026-04-26', '11:00:00', 0),
(5044, 15, '2026-04-26', '11:30:00', 0),
(5045, 13, '2026-04-26', '12:00:00', 0),
(5046, 18, '2026-04-26', '09:00:00', 0),
(5047, 16, '2026-04-26', '09:30:00', 0),
(5048, 16, '2026-04-26', '10:00:00', 0),
(5049, 18, '2026-04-26', '10:30:00', 0),
(5050, 17, '2026-04-26', '11:00:00', 0),
(5051, 16, '2026-04-26', '11:30:00', 0),
(5052, 17, '2026-04-26', '12:00:00', 0),
(5053, 21, '2026-04-26', '09:00:00', 0),
(5054, 19, '2026-04-26', '09:30:00', 0),
(5055, 19, '2026-04-26', '10:00:00', 0),
(5056, 20, '2026-04-26', '10:30:00', 0),
(5057, 19, '2026-04-26', '11:00:00', 0),
(5058, 20, '2026-04-26', '11:30:00', 0),
(5059, 19, '2026-04-26', '12:00:00', 0),
(5060, 22, '2026-04-26', '09:00:00', 0),
(5061, 22, '2026-04-26', '09:30:00', 0),
(5062, 22, '2026-04-26', '10:00:00', 0),
(5063, 24, '2026-04-26', '10:30:00', 0),
(5064, 23, '2026-04-26', '11:00:00', 0),
(5065, 24, '2026-04-26', '11:30:00', 0),
(5066, 24, '2026-04-26', '12:00:00', 0),
(5067, 25, '2026-04-26', '09:00:00', 0),
(5068, 26, '2026-04-26', '09:30:00', 0),
(5069, 26, '2026-04-26', '10:00:00', 0),
(5070, 27, '2026-04-26', '10:30:00', 0),
(5071, 27, '2026-04-26', '11:00:00', 0),
(5072, 27, '2026-04-26', '11:30:00', 0),
(5073, 25, '2026-04-26', '12:00:00', 0),
(5074, 30, '2026-04-26', '09:00:00', 0),
(5075, 28, '2026-04-26', '09:30:00', 0),
(5076, 29, '2026-04-26', '10:00:00', 0),
(5077, 28, '2026-04-26', '10:30:00', 0),
(5078, 28, '2026-04-26', '11:00:00', 0),
(5079, 29, '2026-04-26', '11:30:00', 0),
(5080, 30, '2026-04-26', '12:00:00', 0),
(5081, 33, '2026-04-20', '14:00:00', 0),
(5082, 33, '2026-04-20', '14:30:00', 0),
(5083, 33, '2026-04-20', '15:00:00', 0),
(5084, 33, '2026-04-21', '14:00:00', 0),
(5085, 33, '2026-04-21', '14:30:00', 0),
(5086, 33, '2026-04-21', '15:00:00', 0),
(5087, 33, '2026-04-22', '14:00:00', 0),
(5088, 33, '2026-04-22', '14:30:00', 0),
(5089, 33, '2026-04-22', '15:00:00', 0),
(5090, 33, '2026-04-23', '14:00:00', 0),
(5091, 33, '2026-04-23', '14:30:00', 0),
(5092, 33, '2026-04-23', '15:00:00', 0),
(5093, 33, '2026-04-24', '14:00:00', 0),
(5094, 33, '2026-04-24', '14:30:00', 0),
(5095, 33, '2026-04-24', '15:00:00', 0),
(5096, 33, '2026-04-25', '14:00:00', 0),
(5097, 33, '2026-04-25', '14:30:00', 0),
(5098, 33, '2026-04-25', '15:00:00', 0),
(5099, 33, '2026-04-26', '14:00:00', 0),
(5100, 33, '2026-04-26', '14:30:00', 0),
(5101, 33, '2026-04-26', '15:00:00', 0);

-- --------------------------------------------------------

--
-- Table structure for table `users`
--

CREATE TABLE `users` (
  `id` int(11) NOT NULL,
  `name` varchar(100) DEFAULT NULL,
  `email` varchar(100) DEFAULT NULL,
  `password` varchar(255) DEFAULT NULL,
  `phone` varchar(20) DEFAULT NULL,
  `dob` date DEFAULT NULL,
  `gender` varchar(10) DEFAULT NULL,
  `role` enum('patient','admin') DEFAULT 'patient'
) ENGINE=InnoDB DEFAULT CHARSET=utf8mb4 COLLATE=utf8mb4_general_ci;

--
-- Dumping data for table `users`
--

INSERT INTO `users` (`id`, `name`, `email`, `password`, `phone`, `dob`, `gender`, `role`) VALUES
(1, 'Admin', 'admin@abchospitals.com', '$2y$10$92IXUNpkjO0rOQ5byMi.Ye4oKoEa3Ro9llC/.og/at2.uheWG/igi', NULL, NULL, NULL, 'admin'),
(2, 'John Doe', 'jd@mail.com', '$2y$10$cTsbDob9mZc3zGxXsp6tp.C7gxX4ERcpwr0S8upUqINx8Ik2SxsgG', '1231231231', '2000-04-08', 'Male', 'patient'),
(3, 'Josephine S.', 'jsp@mail.com', '$2y$10$SQvASSuKehyRHsha0MxpveMx10Zw26LxXwtx/fUFZVwYjOtutSGgi', '1122334455', '2001-10-01', 'Female', 'patient');

--
-- Indexes for dumped tables
--

--
-- Indexes for table `appointments`
--
ALTER TABLE `appointments`
  ADD PRIMARY KEY (`id`),
  ADD KEY `patient_id` (`patient_id`),
  ADD KEY `doctor_id` (`doctor_id`),
  ADD KEY `slot_id` (`slot_id`);

--
-- Indexes for table `departments`
--
ALTER TABLE `departments`
  ADD PRIMARY KEY (`id`);

--
-- Indexes for table `doctors`
--
ALTER TABLE `doctors`
  ADD PRIMARY KEY (`id`),
  ADD KEY `department_id` (`department_id`);

--
-- Indexes for table `slots`
--
ALTER TABLE `slots`
  ADD PRIMARY KEY (`id`),
  ADD KEY `doctor_id` (`doctor_id`);

--
-- Indexes for table `users`
--
ALTER TABLE `users`
  ADD PRIMARY KEY (`id`),
  ADD UNIQUE KEY `email` (`email`);

--
-- AUTO_INCREMENT for dumped tables
--

--
-- AUTO_INCREMENT for table `appointments`
--
ALTER TABLE `appointments`
  MODIFY `id` int(11) NOT NULL AUTO_INCREMENT, AUTO_INCREMENT=4;

--
-- AUTO_INCREMENT for table `departments`
--
ALTER TABLE `departments`
  MODIFY `id` int(11) NOT NULL AUTO_INCREMENT, AUTO_INCREMENT=11;

--
-- AUTO_INCREMENT for table `doctors`
--
ALTER TABLE `doctors`
  MODIFY `id` int(11) NOT NULL AUTO_INCREMENT, AUTO_INCREMENT=34;

--
-- AUTO_INCREMENT for table `slots`
--
ALTER TABLE `slots`
  MODIFY `id` int(11) NOT NULL AUTO_INCREMENT, AUTO_INCREMENT=5102;

--
-- AUTO_INCREMENT for table `users`
--
ALTER TABLE `users`
  MODIFY `id` int(11) NOT NULL AUTO_INCREMENT, AUTO_INCREMENT=4;

--
-- Constraints for dumped tables
--

--
-- Constraints for table `appointments`
--
ALTER TABLE `appointments`
  ADD CONSTRAINT `appointments_ibfk_1` FOREIGN KEY (`patient_id`) REFERENCES `users` (`id`),
  ADD CONSTRAINT `appointments_ibfk_2` FOREIGN KEY (`doctor_id`) REFERENCES `doctors` (`id`),
  ADD CONSTRAINT `appointments_ibfk_3` FOREIGN KEY (`slot_id`) REFERENCES `slots` (`id`);

--
-- Constraints for table `doctors`
--
ALTER TABLE `doctors`
  ADD CONSTRAINT `doctors_ibfk_1` FOREIGN KEY (`department_id`) REFERENCES `departments` (`id`);

--
-- Constraints for table `slots`
--
ALTER TABLE `slots`
  ADD CONSTRAINT `slots_ibfk_1` FOREIGN KEY (`doctor_id`) REFERENCES `doctors` (`id`);
COMMIT;

/*!40101 SET CHARACTER_SET_CLIENT=@OLD_CHARACTER_SET_CLIENT */;
/*!40101 SET CHARACTER_SET_RESULTS=@OLD_CHARACTER_SET_RESULTS */;
/*!40101 SET COLLATION_CONNECTION=@OLD_COLLATION_CONNECTION */;
